image,gender,age,number
63.jpg,Мальчик,23 мес.,+7(983)702-35-87
10321.jpg,Девочка,29 мес.,+7(983)785-93-11
2666.jpg,Девочка,8 мес.,+7(983)964-41-35
11981.jpg,Девочка,24 мес.,+7(983)231-49-71
10447.jpg,Мальчик,27 мес.,+7(983)288-18-23
9041.jpg,Девочка,32 мес.,+7(983)854-50-84
11995.jpg,Мальчик,13 мес.,+7(983)939-86-87
4203.jpg,Девочка,15 мес.,+7(983)532-36-42
2672.jpg,Девочка,21 мес.,+7(983)177-42-78
8439.jpg,Мальчик,15 мес.,+7(983)526-69-61
5135.jpg,Девочка,6 мес.,+7(983)316-15-60
7722.jpg,Мальчик,7 мес.,+7(983)215-89-27
5647.jpg,Мальчик,11 мес.,+7(983)161-88-41
6428.jpg,Мальчик,33 мес.,+7(983)427-62-81
1347.jpg,Девочка,24 мес.,+7(983)581-93-24
11017.jpg,Мальчик,5 мес.,+7(983)447-60-77
5121.jpg,Девочка,9 мес.,+7(983)926-52-61
638.jpg,Мальчик,9 мес.,+7(983)483-79-49
7905.jpg,Мальчик,24 мес.,+7(983)506-60-56
8388.jpg,Девочка,35 мес.,+7(983)683-96-19
10490.jpg,Мальчик,36 мес.,+7(983)275-93-88
9082.jpg,Мальчик,7 мес.,+7(983)457-64-32
2869.jpg,Мальчик,29 мес.,+7(983)482-10-31
9914.jpg,Мальчик,36 мес.,+7(983)661-15-15
604.jpg,Мальчик,7 мес.,+7(983)487-87-91
2699.jpg,Мальчик,18 мес.,+7(983)183-27-53
3587.jpg,Девочка,20 мес.,+7(983)960-82-19
162.jpg,Мальчик,16 мес.,+7(983)763-28-34
7087.jpg,Девочка,26 мес.,+7(983)749-43-29
610.jpg,Девочка,30 мес.,+7(983)144-43-10
12052.jpg,Мальчик,20 мес.,+7(983)391-89-54
10645.jpg,Девочка,17 мес.,+7(983)111-28-92
4015.jpg,Мальчик,18 мес.,+7(983)708-74-51
7508.jpg,Девочка,35 мес.,+7(983)768-25-33
1179.jpg,Мальчик,23 мес.,+7(983)206-50-97
2316.jpg,Девочка,25 мес.,+7(983)310-17-61
10651.jpg,Девочка,11 мес.,+7(983)332-79-15
9243.jpg,Мальчик,16 мес.,+7(983)744-81-13
12046.jpg,Девочка,16 мес.,+7(983)896-63-79
1151.jpg,Мальчик,19 мес.,+7(983)209-43-34
11201.jpg,Девочка,7 мес.,+7(983)479-78-28
11215.jpg,Мальчик,17 мес.,+7(983)608-34-97
8607.jpg,Девочка,8 мес.,+7(983)776-95-41
1623.jpg,Мальчик,32 мес.,+7(983)415-55-17
3034.jpg,Мальчик,31 мес.,+7(983)463-38-30
4983.jpg,Мальчик,23 мес.,+7(983)691-68-22
11598.jpg,Девочка,7 мес.,+7(983)811-77-36
12091.jpg,Мальчик,15 мес.,+7(983)589-44-95
3961.jpg,Девочка,16 мес.,+7(983)999-72-90
12085.jpg,Девочка,7 мес.,+7(983)708-57-58
9280.jpg,Мальчик,8 мес.,+7(983)403-45-84
360.jpg,Мальчик,27 мес.,+7(983)647-73-72
1186.jpg,Мальчик,34 мес.,+7(983)154-45-58
6831.jpg,Девочка,17 мес.,+7(983)919-75-21
3949.jpg,Девочка,10 мес.,+7(983)665-15-73
1838.jpg,Девочка,16 мес.,+7(983)916-29-62
6010.jpg,Мальчик,34 мес.,+7(983)600-59-33
3168.jpg,Девочка,36 мес.,+7(983)545-11-57
4607.jpg,Девочка,14 мес.,+7(983)813-24-31
11349.jpg,Мальчик,10 мес.,+7(983)122-81-62
9445.jpg,Мальчик,22 мес.,+7(983)521-69-13
7468.jpg,Мальчик,8 мес.,+7(983)523-30-46
6762.jpg,Мальчик,26 мес.,+7(983)161-33-67
9451.jpg,Мальчик,16 мес.,+7(983)655-93-94
599.jpg,Мальчик,12 мес.,+7(983)107-28-15
2504.jpg,Мальчик,28 мес.,+7(983)922-32-65
12132.jpg,Девочка,11 мес.,+7(983)856-54-80
6004.jpg,Мальчик,21 мес.,+7(983)157-42-57
5525.jpg,Мальчик,21 мес.,+7(983)163-69-75
1743.jpg,Мальчик,25 мес.,+7(983)790-92-82
9479.jpg,Мальчик,9 мес.,+7(983)866-73-13
7454.jpg,Мальчик,9 мес.,+7(983)230-48-44
11375.jpg,Девочка,32 мес.,+7(983)651-93-59
7440.jpg,Мальчик,35 мес.,+7(983)169-76-22
1757.jpg,Мальчик,31 мес.,+7(983)940-51-73
6038.jpg,Мальчик,24 мес.,+7(983)451-97-34
10080.jpg,Мальчик,19 мес.,+7(983)394-70-60
6979.jpg,Мальчик,18 мес.,+7(983)672-22-41
9492.jpg,Девочка,18 мес.,+7(983)980-46-46
1970.jpg,Мальчик,24 мес.,+7(983)862-94-54
4808.jpg,Девочка,22 мес.,+7(983)704-68-20
214.jpg,Девочка,9 мес.,+7(983)143-63-91
1958.jpg,Мальчик,36 мес.,+7(983)565-81-15
6789.jpg,Девочка,28 мес.,+7(983)551-55-63
3183.jpg,Девочка,36 мес.,+7(983)151-58-66
10902.jpg,Мальчик,8 мес.,+7(983)366-68-64
1794.jpg,Мальчик,28 мес.,+7(983)791-88-82
9121.jpg,Девочка,21 мес.,+7(983)347-71-57
1569.jpg,Мальчик,14 мес.,+7(983)576-65-74
3418.jpg,Девочка,21 мес.,+7(983)885-92-74
4377.jpg,Девочка,7 мес.,+7(983)926-62-95
12456.jpg,Девочка,10 мес.,+7(983)598-91-69
11177.jpg,Мальчик,16 мес.,+7(983)231-77-20
8565.jpg,Мальчик,14 мес.,+7(983)255-97-83
1541.jpg,Девочка,21 мес.,+7(983)176-19-18
7130.jpg,Девочка,7 мес.,+7(983)582-93-85
3356.jpg,Девочка,14 мес.,+7(983)334-98-95
11611.jpg,Мальчик,35 мес.,+7(983)556-39-94
9109.jpg,Мальчик,7 мес.,+7(983)513-79-22
7124.jpg,Девочка,36 мес.,+7(983)576-88-46
1233.jpg,Мальчик,6 мес.,+7(983)309-96-40
10296.jpg,Девочка,34 мес.,+7(983)435-37-31
9684.jpg,Мальчик,10 мес.,+7(983)388-87-15
11836.jpg,Девочка,34 мес.,+7(983)330-96-14
9848.jpg,Девочка,17 мес.,+7(983)180-24-49
10282.jpg,Мальчик,24 мес.,+7(983)687-16-65
3381.jpg,Мальчик,36 мес.,+7(983)500-87-81
4388.jpg,Девочка,9 мес.,+7(983)468-37-70
764.jpg,Мальчик,34 мес.,+7(983)310-34-91
9874.jpg,Девочка,19 мес.,+7(983)179-12-83
3380.jpg,Мальчик,9 мес.,+7(983)248-45-85
9875.jpg,Девочка,20 мес.,+7(983)195-62-16
7680.jpg,Мальчик,29 мес.,+7(983)721-97-55
765.jpg,Девочка,31 мес.,+7(983)421-24-28
7858.jpg,Мальчик,7 мес.,+7(983)605-99-63
2920.jpg,Девочка,36 мес.,+7(983)718-20-76
2934.jpg,Мальчик,19 мес.,+7(983)147-73-48
9861.jpg,Девочка,33 мес.,+7(983)788-26-25
7694.jpg,Мальчик,24 мес.,+7(983)117-79-91
5915.jpg,Девочка,28 мес.,+7(983)714-27-78
11823.jpg,Мальчик,29 мес.,+7(983)951-59-88
7864.jpg,Девочка,15 мес.,+7(983)281-75-97
995.jpg,Девочка,30 мес.,+7(983)858-40-57
7870.jpg,Мальчик,24 мес.,+7(983)999-71-80
2908.jpg,Мальчик,23 мес.,+7(983)714-40-55
11837.jpg,Девочка,33 мес.,+7(983)825-86-83
7125.jpg,Девочка,25 мес.,+7(983)600-71-62
1554.jpg,Девочка,36 мес.,+7(983)582-98-80
5732.jpg,Мальчик,8 мес.,+7(983)729-81-76
5054.jpg,Мальчик,10 мес.,+7(983)470-50-34
7643.jpg,Девочка,21 мес.,+7(983)477-45-35
10268.jpg,Девочка,5 мес.,+7(983)479-31-64
2049.jpg,Мальчик,8 мес.,+7(983)630-73-68
2061.jpg,Мальчик,12 мес.,+7(983)270-35-24
9652.jpg,Мальчик,19 мес.,+7(983)514-33-22
3419.jpg,Мальчик,5 мес.,+7(983)523-92-11
5068.jpg,Девочка,21 мес.,+7(983)432-53-82
2713.jpg,Девочка,14 мес.,+7(983)321-70-47
2075.jpg,Девочка,15 мес.,+7(983)431-82-62
5295.jpg,Девочка,26 мес.,+7(983)667-11-14
567.jpg,Девочка,18 мес.,+7(983)394-22-24
8969.jpg,Мальчик,36 мес.,+7(983)903-29-80
7482.jpg,Мальчик,22 мес.,+7(983)239-47-49
201.jpg,Мальчик,13 мес.,+7(983)387-21-64
1795.jpg,Девочка,28 мес.,+7(983)320-95-10
10903.jpg,Мальчик,23 мес.,+7(983)630-82-79
6788.jpg,Мальчик,23 мес.,+7(983)266-84-62
7496.jpg,Мальчик,17 мес.,+7(983)414-17-64
6950.jpg,Мальчик,19 мес.,+7(983)662-84-69
5281.jpg,Девочка,8 мес.,+7(983)650-42-24
8955.jpg,Мальчик,35 мес.,+7(983)843-65-64
4809.jpg,Девочка,14 мес.,+7(983)472-34-37
1971.jpg,Девочка,36 мес.,+7(983)515-74-13
10095.jpg,Мальчик,31 мес.,+7(983)810-24-41
3627.jpg,Мальчик,10 мес.,+7(983)603-55-52
4148.jpg,Девочка,29 мес.,+7(983)664-35-50
6039.jpg,Девочка,7 мес.,+7(983)712-87-13
8014.jpg,Девочка,12 мес.,+7(983)647-51-87
3155.jpg,Мальчик,26 мес.,+7(983)481-30-71
11412.jpg,Девочка,24 мес.,+7(983)627-88-72
12133.jpg,Девочка,20 мес.,+7(983)136-10-53
4606.jpg,Мальчик,18 мес.,+7(983)164-34-74
3169.jpg,Мальчик,24 мес.,+7(983)649-37-44
10730.jpg,Девочка,27 мес.,+7(983)325-44-77
5518.jpg,Мальчик,27 мес.,+7(983)171-90-47
1018.jpg,Мальчик,17 мес.,+7(983)359-23-25
3948.jpg,Мальчик,10 мес.,+7(983)870-76-32
3790.jpg,Мальчик,15 мес.,+7(983)115-23-22
413.jpg,Мальчик,6 мес.,+7(983)962-38-82
375.jpg,Девочка,10 мес.,+7(983)732-75-67
10877.jpg,Девочка,15 мес.,+7(983)424-15-97
5493.jpg,Мальчик,14 мес.,+7(983)422-24-13
1193.jpg,Мальчик,9 мес.,+7(983)480-23-18
407.jpg,Мальчик,7 мес.,+7(983)118-45-91
8821.jpg,Девочка,20 мес.,+7(983)675-66-37
3974.jpg,Девочка,21 мес.,+7(983)420-57-98
10693.jpg,Мальчик,33 мес.,+7(983)343-43-48
1811.jpg,Девочка,23 мес.,+7(983)948-11-34
7535.jpg,Девочка,8 мес.,+7(983)755-32-39
3753.jpg,Мальчик,18 мес.,+7(983)314-37-99
1622.jpg,Девочка,5 мес.,+7(983)141-88-36
10678.jpg,Девочка,15 мес.,+7(983)135-96-15
11566.jpg,Мальчик,33 мес.,+7(983)438-52-96
3747.jpg,Мальчик,29 мес.,+7(983)881-37-95
1150.jpg,Мальчик,28 мес.,+7(983)879-59-93
10888.jpg,Девочка,12 мес.,+7(983)292-86-93
12053.jpg,Мальчик,32 мес.,+7(983)882-75-41
9256.jpg,Девочка,25 мес.,+7(983)330-39-27
611.jpg,Мальчик,11 мес.,+7(983)608-79-69
9901.jpg,Мальчик,18 мес.,+7(983)270-96-62
3592.jpg,Мальчик,26 мес.,+7(983)920-29-64
5849.jpg,Девочка,15 мес.,+7(983)958-51-22
11957.jpg,Девочка,33 мес.,+7(983)165-72-11
2868.jpg,Девочка,13 мес.,+7(983)322-67-75
639.jpg,Девочка,20 мес.,+7(983)783-38-72
11943.jpg,Девочка,21 мес.,+7(983)879-65-31
1420.jpg,Девочка,36 мес.,+7(983)773-96-92
11770.jpg,Девочка,36 мес.,+7(983)297-88-45
3237.jpg,Мальчик,15 мес.,+7(983)507-27-44
2129.jpg,Девочка,27 мес.,+7(983)750-89-17
2897.jpg,Девочка,31 мес.,+7(983)435-64-55
8410.jpg,Девочка,13 мес.,+7(983)548-98-46
11002.jpg,Девочка,26 мес.,+7(983)220-78-88
1434.jpg,Мальчик,16 мес.,+7(983)947-30-56
10452.jpg,Мальчик,29 мес.,+7(983)213-24-27
12245.jpg,Девочка,13 мес.,+7(983)640-22-30
9726.jpg,Девочка,33 мес.,+7(983)245-51-99
2673.jpg,Мальчик,25 мес.,+7(983)934-28-13
10334.jpg,Мальчик,25 мес.,+7(983)860-79-47
10320.jpg,Мальчик,19 мес.,+7(983)974-73-25
4216.jpg,Мальчик,21 мес.,+7(983)154-18-60
62.jpg,Мальчик,10 мес.,+7(983)877-19-65
9732.jpg,Девочка,12 мес.,+7(983)805-93-80
1408.jpg,Мальчик,21 мес.,+7(983)599-71-32
4570.jpg,Девочка,14 мес.,+7(983)529-28-66
11758.jpg,Мальчик,35 мес.,+7(983)889-84-38
10446.jpg,Мальчик,7 мес.,+7(983)667-65-93
4200.jpg,Мальчик,15 мес.,+7(983)544-98-44
6417.jpg,Мальчик,20 мес.,+7(983)959-43-82
834.jpg,Мальчик,31 мес.,+7(983)819-25-68
11982.jpg,Мальчик,34 мес.,+7(983)965-11-65
2103.jpg,Девочка,32 мес.,+7(983)787-85-74
12253.jpg,Мальчик,15 мес.,+7(983)596-76-49
60.jpg,Девочка,5 мес.,+7(983)948-41-38
9730.jpg,Девочка,22 мес.,+7(983)514-87-51
9718.jpg,Девочка,25 мес.,+7(983)562-15-38
808.jpg,Девочка,21 мес.,+7(983)178-99-50
8406.jpg,Мальчик,17 мес.,+7(983)675-71-72
11014.jpg,Мальчик,17 мес.,+7(983)103-16-17
7047.jpg,Мальчик,19 мес.,+7(983)420-67-30
1436.jpg,Мальчик,14 мес.,+7(983)640-71-62
5650.jpg,Девочка,11 мес.,+7(983)729-84-53
10478.jpg,Мальчик,20 мес.,+7(983)235-27-86
2881.jpg,Мальчик,5 мес.,+7(983)786-82-50
11000.jpg,Девочка,26 мес.,+7(983)958-99-65
8412.jpg,Девочка,27 мес.,+7(983)770-78-14
7721.jpg,Мальчик,31 мес.,+7(983)957-63-93
9095.jpg,Девочка,21 мес.,+7(983)998-97-63
12290.jpg,Девочка,36 мес.,+7(983)251-51-62
5877.jpg,Мальчик,18 мес.,+7(983)346-53-80
11941.jpg,Мальчик,32 мес.,+7(983)547-89-18
10487.jpg,Девочка,12 мес.,+7(983)249-98-24
3590.jpg,Девочка,12 мес.,+7(983)366-17-86
1387.jpg,Девочка,27 мес.,+7(983)962-81-58
4599.jpg,Мальчик,12 мес.,+7(983)590-60-65
161.jpg,Девочка,20 мес.,+7(983)430-82-76
7084.jpg,Мальчик,28 мес.,+7(983)303-64-56
9917.jpg,Мальчик,13 мес.,+7(983)922-96-25
607.jpg,Мальчик,17 мес.,+7(983)549-98-72
2842.jpg,Мальчик,18 мес.,+7(983)620-96-74
4764.jpg,Девочка,21 мес.,+7(983)812-41-70
2315.jpg,Девочка,20 мес.,+7(983)308-93-70
8638.jpg,Девочка,26 мес.,+7(983)169-73-71
10120.jpg,Мальчик,11 мес.,+7(983)702-98-81
3779.jpg,Девочка,18 мес.,+7(983)474-93-45
9532.jpg,Девочка,28 мес.,+7(983)876-74-75
2329.jpg,Мальчик,5 мес.,+7(983)451-40-46
4980.jpg,Мальчик,22 мес.,+7(983)781-96-77
5320.jpg,Мальчик,17 мес.,+7(983)250-29-34
10108.jpg,Девочка,21 мес.,+7(983)848-58-29
3751.jpg,Мальчик,28 мес.,+7(983)739-17-23
11216.jpg,Мальчик,8 мес.,+7(983)773-67-94
1152.jpg,Девочка,36 мес.,+7(983)349-29-60
3023.jpg,Девочка,17 мес.,+7(983)625-56-97
9268.jpg,Девочка,25 мес.,+7(983)401-48-15
1807.jpg,Мальчик,36 мес.,+7(983)133-88-36
10849.jpg,Девочка,8 мес.,+7(983)264-63-80
12092.jpg,Девочка,24 мес.,+7(983)230-35-68
1813.jpg,Мальчик,24 мес.,+7(983)993-73-86
5485.jpg,Девочка,31 мес.,+7(983)657-65-54
2498.jpg,Девочка,29 мес.,+7(983)879-33-86
6826.jpg,Мальчик,17 мес.,+7(983)365-92-22
363.jpg,Девочка,18 мес.,+7(983)665-74-88
10861.jpg,Мальчик,8 мес.,+7(983)345-80-94
6007.jpg,Девочка,30 мес.,+7(983)832-98-24
9452.jpg,Девочка,9 мес.,+7(983)951-63-57
6761.jpg,Девочка,11 мес.,+7(983)518-66-59
3619.jpg,Мальчик,7 мес.,+7(983)451-17-80
10040.jpg,Мальчик,10 мес.,+7(983)831-24-96
5268.jpg,Мальчик,26 мес.,+7(983)849-87-16
4162.jpg,Мальчик,21 мес.,+7(983)654-13-28
10054.jpg,Девочка,10 мес.,+7(983)960-26-57
8980.jpg,Девочка,28 мес.,+7(983)701-94-78
7325.jpg,Мальчик,14 мес.,+7(983)958-98-39
5532.jpg,Девочка,8 мес.,+7(983)511-57-98
11404.jpg,Мальчик,36 мес.,+7(983)517-56-79
3625.jpg,Девочка,9 мес.,+7(983)252-37-18
1032.jpg,Мальчик,17 мес.,+7(983)579-35-38
8770.jpg,Девочка,16 мес.,+7(983)594-37-84
6749.jpg,Мальчик,10 мес.,+7(983)767-97-55
7457.jpg,Девочка,36 мес.,+7(983)935-25-53
5240.jpg,Девочка,27 мес.,+7(983)471-75-79
3157.jpg,Мальчик,12 мес.,+7(983)854-93-33
11410.jpg,Девочка,26 мес.,+7(983)967-78-51
4638.jpg,Мальчик,15 мес.,+7(983)187-89-53
7331.jpg,Мальчик,28 мес.,+7(983)703-93-38
1740.jpg,Мальчик,5 мес.,+7(983)786-84-81
3802.jpg,Мальчик,23 мес.,+7(983)657-44-68
9491.jpg,Мальчик,28 мес.,+7(983)347-28-87
1967.jpg,Мальчик,36 мес.,+7(983)328-89-54
4837.jpg,Мальчик,11 мес.,+7(983)467-27-94
1797.jpg,Девочка,28 мес.,+7(983)690-45-39
203.jpg,Мальчик,20 мес.,+7(983)914-19-48
6952.jpg,Мальчик,19 мес.,+7(983)544-38-77
217.jpg,Девочка,14 мес.,+7(983)870-87-51
3194.jpg,Мальчик,7 мес.,+7(983)268-64-57
10915.jpg,Девочка,21 мес.,+7(983)659-24-37
940.jpg,Девочка,25 мес.,+7(983)589-68-99
12455.jpg,Мальчик,33 мес.,+7(983)151-68-12
9888.jpg,Девочка,18 мес.,+7(983)551-79-23
6205.jpg,Мальчик,20 мес.,+7(983)602-91-71
8228.jpg,Мальчик,31 мес.,+7(983)847-92-81
10524.jpg,Мальчик,15 мес.,+7(983)940-50-26
2077.jpg,Девочка,10 мес.,+7(983)215-41-33
7669.jpg,Девочка,11 мес.,+7(983)727-76-46
12441.jpg,Девочка,34 мес.,+7(983)371-56-47
1218.jpg,Мальчик,29 мес.,+7(983)183-43-98
9644.jpg,Мальчик,27 мес.,+7(983)513-71-27
2711.jpg,Мальчик,14 мес.,+7(983)715-83-23
4360.jpg,Девочка,5 мес.,+7(983)194-38-58
1230.jpg,Мальчик,25 мес.,+7(983)695-13-19
3427.jpg,Мальчик,27 мес.,+7(983)627-97-12
10518.jpg,Мальчик,26 мес.,+7(983)919-63-72
1556.jpg,Мальчик,33 мес.,+7(983)250-28-70
8214.jpg,Девочка,33 мес.,+7(983)826-91-70
5042.jpg,Девочка,19 мес.,+7(983)223-62-69
968.jpg,Девочка,11 мес.,+7(983)235-13-89
1224.jpg,Девочка,27 мес.,+7(983)726-86-16
10281.jpg,Девочка,27 мес.,+7(983)777-57-64
2922.jpg,Девочка,21 мес.,+7(983)300-94-39
3382.jpg,Девочка,12 мес.,+7(983)272-78-99
773.jpg,Мальчик,14 мес.,+7(983)655-73-47
2936.jpg,Мальчик,21 мес.,+7(983)943-40-95
5081.jpg,Мальчик,6 мес.,+7(983)125-58-22
2089.jpg,Девочка,8 мес.,+7(983)946-30-80
2937.jpg,Девочка,36 мес.,+7(983)526-80-81
772.jpg,Девочка,13 мес.,+7(983)319-66-18
5094.jpg,Девочка,35 мес.,+7(983)387-25-63
11834.jpg,Мальчик,10 мес.,+7(983)693-18-76
12483.jpg,Мальчик,10 мес.,+7(983)680-21-30
12497.jpg,Девочка,5 мес.,+7(983)627-61-64
8201.jpg,Девочка,9 мес.,+7(983)610-31-96
1225.jpg,Девочка,6 мес.,+7(983)569-38-36
4349.jpg,Девочка,12 мес.,+7(983)943-88-91
3426.jpg,Девочка,8 мес.,+7(983)955-66-57
5057.jpg,Мальчик,23 мес.,+7(983)650-62-35
7898.jpg,Мальчик,26 мес.,+7(983)122-33-64
8573.jpg,Мальчик,5 мес.,+7(983)893-55-39
8215.jpg,Девочка,10 мес.,+7(983)621-18-12
10531.jpg,Девочка,21 мес.,+7(983)709-35-33
12454.jpg,Девочка,26 мес.,+7(983)261-19-14
10525.jpg,Девочка,33 мес.,+7(983)728-69-16
8229.jpg,Мальчик,8 мес.,+7(983)260-88-26
12332.jpg,Мальчик,25 мес.,+7(983)579-73-53
6204.jpg,Мальчик,16 мес.,+7(983)124-30-23
7495.jpg,Мальчик,23 мес.,+7(983)142-71-50
4822.jpg,Девочка,15 мес.,+7(983)716-37-29
216.jpg,Девочка,6 мес.,+7(983)287-86-46
202.jpg,Девочка,7 мес.,+7(983)975-22-57
7481.jpg,Девочка,24 мес.,+7(983)724-79-29
6947.jpg,Девочка,10 мес.,+7(983)932-99-59
10096.jpg,Девочка,19 мес.,+7(983)791-78-74
1966.jpg,Мальчик,28 мес.,+7(983)765-70-50
10928.jpg,Девочка,20 мес.,+7(983)361-91-51
558.jpg,Мальчик,19 мес.,+7(983)619-98-23
3803.jpg,Девочка,23 мес.,+7(983)573-88-60
5241.jpg,Девочка,30 мес.,+7(983)426-32-75
12118.jpg,Девочка,16 мес.,+7(983)588-88-52
2248.jpg,Мальчик,26 мес.,+7(983)289-63-19
11405.jpg,Девочка,9 мес.,+7(983)388-41-83
5533.jpg,Мальчик,24 мес.,+7(983)278-11-35
8771.jpg,Девочка,33 мес.,+7(983)485-86-75
7442.jpg,Девочка,5 мес.,+7(983)963-26-21
9447.jpg,Мальчик,5 мес.,+7(983)339-11-84
2274.jpg,Девочка,36 мес.,+7(983)958-80-75
10733.jpg,Мальчик,26 мес.,+7(983)681-65-39
6006.jpg,Мальчик,30 мес.,+7(983)602-77-74
7318.jpg,Девочка,18 мес.,+7(983)360-92-74
10727.jpg,Девочка,13 мес.,+7(983)982-30-19
8995.jpg,Девочка,31 мес.,+7(983)221-47-53
6760.jpg,Мальчик,24 мес.,+7(983)864-86-18
362.jpg,Мальчик,10 мес.,+7(983)164-35-95
6199.jpg,Мальчик,12 мес.,+7(983)983-94-69
7287.jpg,Девочка,23 мес.,+7(983)984-36-84
10874.jpg,Мальчик,10 мес.,+7(983)911-33-98
1184.jpg,Мальчик,35 мес.,+7(983)131-95-77
8836.jpg,Девочка,29 мес.,+7(983)371-52-39
438.jpg,Мальчик,18 мес.,+7(983)994-85-42
10684.jpg,Мальчик,24 мес.,+7(983)887-25-51
10690.jpg,Мальчик,20 мес.,+7(983)239-77-67
9282.jpg,Мальчик,29 мес.,+7(983)434-68-27
1806.jpg,Мальчик,34 мес.,+7(983)827-72-83
11203.jpg,Девочка,36 мес.,+7(983)722-77-58
8611.jpg,Девочка,22 мес.,+7(983)276-53-85
7522.jpg,Девочка,7 мес.,+7(983)797-98-69
8177.jpg,Мальчик,18 мес.,+7(983)752-10-39
1635.jpg,Девочка,30 мес.,+7(983)931-59-26
9269.jpg,Девочка,22 мес.,+7(983)311-58-25
5453.jpg,Мальчик,8 мес.,+7(983)344-11-70
11565.jpg,Девочка,34 мес.,+7(983)812-56-95
4981.jpg,Мальчик,5 мес.,+7(983)467-61-98
11571.jpg,Девочка,34 мес.,+7(983)411-88-79
3036.jpg,Мальчик,33 мес.,+7(983)337-19-16
1147.jpg,Девочка,36 мес.,+7(983)782-80-96
5321.jpg,Девочка,15 мес.,+7(983)343-77-10
6600.jpg,Девочка,29 мес.,+7(983)674-69-99
9533.jpg,Девочка,33 мес.,+7(983)623-17-79
2466.jpg,Девочка,8 мес.,+7(983)222-25-72
2300.jpg,Девочка,35 мес.,+7(983)523-86-97
4003.jpg,Девочка,18 мес.,+7(983)666-94-43
2472.jpg,Девочка,6 мес.,+7(983)633-67-66
10135.jpg,Мальчик,6 мес.,+7(983)482-50-20
9527.jpg,Мальчик,6 мес.,+7(983)288-67-52
160.jpg,Девочка,7 мес.,+7(983)942-75-57
1386.jpg,Мальчик,9 мес.,+7(983)703-73-73
3591.jpg,Мальчик,27 мес.,+7(983)319-63-52
4598.jpg,Мальчик,20 мес.,+7(983)833-56-66
174.jpg,Мальчик,17 мес.,+7(983)843-39-14
5876.jpg,Девочка,36 мес.,+7(983)701-26-59
12291.jpg,Мальчик,9 мес.,+7(983)749-70-49
9094.jpg,Мальчик,27 мес.,+7(983)311-90-48
9080.jpg,Девочка,21 мес.,+7(983)830-42-40
10479.jpg,Девочка,21 мес.,+7(983)814-31-71
1437.jpg,Девочка,30 мес.,+7(983)488-80-27
7046.jpg,Девочка,15 мес.,+7(983)329-34-65
8375.jpg,Мальчик,21 мес.,+7(983)753-19-85
7720.jpg,Девочка,10 мес.,+7(983)646-29-11
1351.jpg,Мальчик,8 мес.,+7(983)946-19-96
2658.jpg,Мальчик,20 мес.,+7(983)398-97-48
4229.jpg,Девочка,21 мес.,+7(983)379-55-13
2894.jpg,Мальчик,12 мес.,+7(983)246-32-86
7734.jpg,Девочка,18 мес.,+7(983)244-64-29
809.jpg,Мальчик,5 мес.,+7(983)645-21-61
6364.jpg,Мальчик,17 мес.,+7(983)513-54-76
2664.jpg,Девочка,7 мес.,+7(983)432-13-64
821.jpg,Девочка,30 мес.,+7(983)920-34-44
6402.jpg,Девочка,35 мес.,+7(983)820-62-39
1379.jpg,Мальчик,19 мес.,+7(983)553-20-76
4567.jpg,Девочка,28 мес.,+7(983)401-62-36
5679.jpg,Девочка,9 мес.,+7(983)109-89-12
11997.jpg,Мальчик,31 мес.,+7(983)529-96-25
9043.jpg,Девочка,6 мес.,+7(983)628-78-41
5899.jpg,Мальчик,5 мес.,+7(983)111-96-57
6348.jpg,Мальчик,12 мес.,+7(983)256-78-66
1341.jpg,Девочка,25 мес.,+7(983)844-97-92
2890.jpg,Девочка,16 мес.,+7(983)173-54-82
2648.jpg,Мальчик,18 мес.,+7(983)700-45-56
5133.jpg,Мальчик,19 мес.,+7(983)949-60-93
1355.jpg,Девочка,31 мес.,+7(983)103-79-94
819.jpg,Девочка,36 мес.,+7(983)618-81-10
8359.jpg,Мальчик,11 мес.,+7(983)994-11-15
9047.jpg,Мальчик,12 мес.,+7(983)270-62-76
6412.jpg,Мальчик,21 мес.,+7(983)858-23-85
831.jpg,Мальчик,7 мес.,+7(983)570-98-76
1369.jpg,Девочка,25 мес.,+7(983)142-26-17
9735.jpg,Девочка,18 мес.,+7(983)740-56-29
11039.jpg,Девочка,8 мес.,+7(983)366-71-62
11987.jpg,Мальчик,20 мес.,+7(983)917-74-81
170.jpg,Мальчик,32 мес.,+7(983)992-71-91
3595.jpg,Девочка,11 мес.,+7(983)150-39-83
2853.jpg,Мальчик,5 мес.,+7(983)568-23-90
1396.jpg,Девочка,13 мес.,+7(983)603-16-96
3581.jpg,Мальчик,11 мес.,+7(983)293-77-48
11978.jpg,Мальчик,24 мес.,+7(983)835-76-20
9084.jpg,Девочка,23 мес.,+7(983)789-35-10
12295.jpg,Девочка,32 мес.,+7(983)698-96-91
10482.jpg,Мальчик,17 мес.,+7(983)554-95-51
11944.jpg,Мальчик,8 мес.,+7(983)204-22-38
7532.jpg,Девочка,28 мес.,+7(983)673-91-91
1625.jpg,Мальчик,23 мес.,+7(983)815-81-29
7254.jpg,Мальчик,21 мес.,+7(983)380-49-34
8167.jpg,Мальчик,7 мес.,+7(983)900-94-33
3032.jpg,Девочка,27 мес.,+7(983)367-44-44
11575.jpg,Мальчик,7 мес.,+7(983)899-57-22
5443.jpg,Мальчик,16 мес.,+7(983)407-25-82
4749.jpg,Мальчик,25 мес.,+7(983)769-10-46
10119.jpg,Девочка,14 мес.,+7(983)181-26-25
3998.jpg,Мальчик,25 мес.,+7(983)554-12-25
6610.jpg,Девочка,26 мес.,+7(983)239-21-93
10131.jpg,Девочка,26 мес.,+7(983)859-59-63
4761.jpg,Мальчик,8 мес.,+7(983)326-46-31
12040.jpg,Мальчик,35 мес.,+7(983)708-84-42
6162.jpg,Девочка,6 мес.,+7(983)451-78-48
2304.jpg,Девочка,26 мес.,+7(983)716-56-73
10125.jpg,Девочка,12 мес.,+7(983)415-71-23
6604.jpg,Девочка,11 мес.,+7(983)788-65-64
5480.jpg,Мальчик,25 мес.,+7(983)297-84-66
10870.jpg,Мальчик,20 мес.,+7(983)798-70-77
7297.jpg,Мальчик,36 мес.,+7(983)343-90-37
372.jpg,Девочка,34 мес.,+7(983)930-91-71
6189.jpg,Мальчик,5 мес.,+7(983)555-14-52
7283.jpg,Мальчик,16 мес.,+7(983)590-97-73
10864.jpg,Мальчик,5 мес.,+7(983)978-19-93
8826.jpg,Мальчик,34 мес.,+7(983)371-74-19
428.jpg,Мальчик,14 мес.,+7(983)294-97-52
8198.jpg,Девочка,11 мес.,+7(983)433-85-64
1802.jpg,Девочка,24 мес.,+7(983)100-37-94
11367.jpg,Девочка,30 мес.,+7(983)502-40-77
6758.jpg,Мальчик,16 мес.,+7(983)873-76-62
6980.jpg,Девочка,8 мес.,+7(983)807-17-17
7320.jpg,Девочка,27 мес.,+7(983)894-92-60
4629.jpg,Мальчик,27 мес.,+7(983)285-37-70
8007.jpg,Девочка,36 мес.,+7(983)445-35-85
9319.jpg,Девочка,31 мес.,+7(983)908-57-14
8761.jpg,Мальчик,32 мес.,+7(983)482-22-38
10045.jpg,Девочка,21 мес.,+7(983)548-43-99
10723.jpg,Девочка,7 мес.,+7(983)632-97-65
4615.jpg,Девочка,12 мес.,+7(983)827-43-45
12134.jpg,Девочка,35 мес.,+7(983)318-75-23
9331.jpg,Мальчик,35 мес.,+7(983)189-57-97
6002.jpg,Девочка,12 мес.,+7(983)607-15-61
9325.jpg,Мальчик,13 мес.,+7(983)980-25-80
10737.jpg,Мальчик,18 мес.,+7(983)733-36-55
11429.jpg,Мальчик,21 мес.,+7(983)849-33-94
3608.jpg,Девочка,36 мес.,+7(983)475-39-95
5279.jpg,Мальчик,20 мес.,+7(983)312-49-23
10051.jpg,Мальчик,26 мес.,+7(983)388-85-30
10910.jpg,Мальчик,19 мес.,+7(983)195-58-10
3191.jpg,Мальчик,36 мес.,+7(983)286-36-10
6957.jpg,Девочка,7 мес.,+7(983)528-34-93
11398.jpg,Девочка,16 мес.,+7(983)620-39-90
9480.jpg,Девочка,18 мес.,+7(983)605-29-82
11603.jpg,Девочка,33 мес.,+7(983)666-76-11
8211.jpg,Девочка,17 мес.,+7(983)955-33-40
7122.jpg,Мальчик,22 мес.,+7(983)676-77-43
3422.jpg,Девочка,21 мес.,+7(983)638-27-14
4359.jpg,Мальчик,19 мес.,+7(983)147-22-62
9133.jpg,Девочка,17 мес.,+7(983)111-50-18
3378.jpg,Девочка,20 мес.,+7(983)730-75-98
10521.jpg,Мальчик,18 мес.,+7(983)558-96-17
4371.jpg,Девочка,30 мес.,+7(983)562-99-73
11159.jpg,Мальчик,29 мес.,+7(983)368-40-93
6566.jpg,Девочка,6 мес.,+7(983)617-63-21
9655.jpg,Девочка,10 мес.,+7(983)176-76-96
1209.jpg,Девочка,36 мес.,+7(983)970-74-13
951.jpg,Мальчик,8 мес.,+7(983)559-96-93
789.jpg,Мальчик,16 мес.,+7(983)597-23-88
2072.jpg,Девочка,36 мес.,+7(983)300-38-36
10535.jpg,Девочка,23 мес.,+7(983)434-28-45
12322.jpg,Мальчик,31 мес.,+7(983)539-58-51
2927.jpg,Девочка,8 мес.,+7(983)347-70-79
5090.jpg,Девочка,5 мес.,+7(983)252-23-22
5912.jpg,Девочка,35 мес.,+7(983)668-36-20
7863.jpg,Мальчик,15 мес.,+7(983)863-51-54
12493.jpg,Девочка,21 мес.,+7(983)447-40-72
10290.jpg,Девочка,35 мес.,+7(983)660-57-27
7877.jpg,Мальчик,25 мес.,+7(983)863-94-99
992.jpg,Девочка,36 мес.,+7(983)279-61-27
5906.jpg,Девочка,28 мес.,+7(983)698-47-73
12486.jpg,Мальчик,17 мес.,+7(983)341-18-20
11831.jpg,Мальчик,36 мес.,+7(983)806-81-47
9697.jpg,Мальчик,27 мес.,+7(983)873-62-70
2932.jpg,Девочка,7 мес.,+7(983)234-50-88
7692.jpg,Девочка,6 мес.,+7(983)239-75-49
777.jpg,Мальчик,35 мес.,+7(983)752-16-29
3386.jpg,Мальчик,14 мес.,+7(983)553-67-10
11819.jpg,Девочка,5 мес.,+7(983)707-51-58
9873.jpg,Девочка,31 мес.,+7(983)477-76-93
6598.jpg,Девочка,17 мес.,+7(983)293-87-62
5091.jpg,Мальчик,26 мес.,+7(983)895-97-67
2926.jpg,Мальчик,34 мес.,+7(983)979-85-11
10252.jpg,Мальчик,14 мес.,+7(983)594-66-73
12445.jpg,Мальчик,6 мес.,+7(983)808-98-63
8238.jpg,Мальчик,31 мес.,+7(983)441-30-68
10534.jpg,Девочка,20 мес.,+7(983)998-96-35
4402.jpg,Мальчик,12 мес.,+7(983)723-23-68
10520.jpg,Девочка,19 мес.,+7(983)978-37-57
2067.jpg,Девочка,11 мес.,+7(983)899-97-66
9132.jpg,Мальчик,31 мес.,+7(983)262-35-53
6567.jpg,Мальчик,16 мес.,+7(983)256-43-15
5046.jpg,Девочка,10 мес.,+7(983)173-66-69
11616.jpg,Мальчик,36 мес.,+7(983)859-96-77
7137.jpg,Мальчик,29 мес.,+7(983)874-34-56
5052.jpg,Девочка,24 мес.,+7(983)997-24-48
1234.jpg,Девочка,20 мес.,+7(983)930-14-23
8947.jpg,Мальчик,8 мес.,+7(983)999-40-21
11399.jpg,Мальчик,35 мес.,+7(983)741-64-24
3806.jpg,Девочка,12 мес.,+7(983)655-94-20
3190.jpg,Девочка,12 мес.,+7(983)494-28-38
1787.jpg,Девочка,5 мес.,+7(983)715-15-89
7490.jpg,Мальчик,30 мес.,+7(983)130-67-69
4199.jpg,Мальчик,7 мес.,+7(983)955-45-92
4600.jpg,Мальчик,15 мес.,+7(983)473-73-16
2271.jpg,Девочка,13 мес.,+7(983)218-69-80
1778.jpg,Мальчик,11 мес.,+7(983)557-26-54
6017.jpg,Мальчик,31 мес.,+7(983)276-23-93
9324.jpg,Мальчик,27 мес.,+7(983)969-65-56
9442.jpg,Мальчик,21 мес.,+7(983)734-29-94
2517.jpg,Девочка,19 мес.,+7(983)476-38-78
10050.jpg,Мальчик,35 мес.,+7(983)327-74-50
5278.jpg,Мальчик,30 мес.,+7(983)815-30-97
3609.jpg,Девочка,19 мес.,+7(983)144-10-73
8748.jpg,Мальчик,32 мес.,+7(983)865-72-60
6765.jpg,Девочка,29 мес.,+7(983)343-20-65
9456.jpg,Мальчик,26 мес.,+7(983)834-91-58
6003.jpg,Девочка,5 мес.,+7(983)715-81-61
9330.jpg,Мальчик,32 мес.,+7(983)803-43-21
12135.jpg,Девочка,25 мес.,+7(983)290-11-36
7335.jpg,Мальчик,26 мес.,+7(983)648-49-97
8760.jpg,Мальчик,17 мес.,+7(983)672-59-87
1022.jpg,Девочка,6 мес.,+7(983)608-70-69
3621.jpg,Мальчик,22 мес.,+7(983)192-27-18
3147.jpg,Девочка,13 мес.,+7(983)946-90-86
7321.jpg,Девочка,22 мес.,+7(983)372-73-87
10859.jpg,Девочка,26 мес.,+7(983)192-70-50
8833.jpg,Девочка,23 мес.,+7(983)693-18-23
9287.jpg,Девочка,13 мес.,+7(983)296-16-17
10865.jpg,Мальчик,25 мес.,+7(983)505-28-23
5495.jpg,Девочка,14 мес.,+7(983)736-31-42
2488.jpg,Мальчик,32 мес.,+7(983)975-28-94
3796.jpg,Девочка,14 мес.,+7(983)113-59-36
6188.jpg,Мальчик,29 мес.,+7(983)179-95-59
4947.jpg,Девочка,18 мес.,+7(983)969-57-31
5481.jpg,Девочка,7 мес.,+7(983)358-13-50
2305.jpg,Девочка,13 мес.,+7(983)464-35-32
12069.jpg,Мальчик,13 мес.,+7(983)169-34-71
8172.jpg,Мальчик,15 мес.,+7(983)280-67-80
5456.jpg,Мальчик,29 мес.,+7(983)257-11-59
4748.jpg,Мальчик,32 мес.,+7(983)361-75-69
11560.jpg,Девочка,19 мес.,+7(983)661-23-92
3741.jpg,Мальчик,15 мес.,+7(983)510-59-47
1156.jpg,Девочка,9 мес.,+7(983)952-55-72
6639.jpg,Мальчик,9 мес.,+7(983)677-67-27
8614.jpg,Девочка,18 мес.,+7(983)531-34-85
5442.jpg,Девочка,14 мес.,+7(983)485-96-98
11574.jpg,Девочка,19 мес.,+7(983)666-53-22
3033.jpg,Девочка,33 мес.,+7(983)831-23-33
7255.jpg,Девочка,23 мес.,+7(983)226-62-29
9278.jpg,Мальчик,26 мес.,+7(983)325-92-98
10483.jpg,Девочка,31 мес.,+7(983)561-89-91
5873.jpg,Девочка,17 мес.,+7(983)147-87-29
9091.jpg,Девочка,32 мес.,+7(983)827-83-44
7080.jpg,Мальчик,11 мес.,+7(983)554-19-42
5683.jpg,Девочка,17 мес.,+7(983)307-10-57
2852.jpg,Мальчик,16 мес.,+7(983)227-81-21
9052.jpg,Девочка,23 мес.,+7(983)468-40-76
6361.jpg,Мальчик,31 мес.,+7(983)654-46-50
5668.jpg,Девочка,12 мес.,+7(983)401-78-78
6413.jpg,Девочка,8 мес.,+7(983)695-44-17
70.jpg,Девочка,29 мес.,+7(983)545-34-58
10332.jpg,Девочка,10 мес.,+7(983)961-64-47
7725.jpg,Девочка,6 мес.,+7(983)104-61-15
9708.jpg,Девочка,15 мес.,+7(983)665-91-57
3543.jpg,Мальчик,26 мес.,+7(983)839-74-57
8370.jpg,Девочка,14 мес.,+7(983)850-20-14
8364.jpg,Мальчик,20 мес.,+7(983)483-65-82
11776.jpg,Мальчик,33 мес.,+7(983)550-55-44
5640.jpg,Девочка,32 мес.,+7(983)343-59-10
2139.jpg,Мальчик,36 мес.,+7(983)755-90-62
3541.jpg,Девочка,5 мес.,+7(983)380-40-43
11006.jpg,Мальчик,30 мес.,+7(983)147-39-94
5130.jpg,Мальчик,17 мес.,+7(983)327-97-55
10318.jpg,Мальчик,20 мес.,+7(983)662-91-84
7727.jpg,Мальчик,19 мес.,+7(983)738-31-84
11774.jpg,Девочка,24 мес.,+7(983)106-80-38
11984.jpg,Девочка,14 мес.,+7(983)146-63-30
4574.jpg,Девочка,16 мес.,+7(983)661-19-57
9736.jpg,Мальчик,32 мес.,+7(983)479-10-62
826.jpg,Мальчик,14 мес.,+7(983)777-81-93
4212.jpg,Девочка,5 мес.,+7(983)159-65-87
9722.jpg,Девочка,36 мес.,+7(983)813-97-31
6411.jpg,Мальчик,5 мес.,+7(983)797-31-62
6377.jpg,Девочка,13 мес.,+7(983)512-11-97
1418.jpg,Девочка,32 мес.,+7(983)666-70-70
11990.jpg,Мальчик,15 мес.,+7(983)946-75-29
11748.jpg,Мальчик,20 мес.,+7(983)950-18-73
9911.jpg,Мальчик,36 мес.,+7(983)429-37-54
1395.jpg,Мальчик,20 мес.,+7(983)375-78-68
3582.jpg,Девочка,8 мес.,+7(983)590-84-21
2688.jpg,Девочка,23 мес.,+7(983)151-35-57
7928.jpg,Мальчик,35 мес.,+7(983)385-38-85
7096.jpg,Девочка,24 мес.,+7(983)877-97-14
5859.jpg,Девочка,11 мес.,+7(983)148-37-21
9093.jpg,Девочка,5 мес.,+7(983)474-76-73
12296.jpg,Девочка,22 мес.,+7(983)881-45-93
7914.jpg,Девочка,7 мес.,+7(983)498-14-38
10495.jpg,Девочка,33 мес.,+7(983)220-34-81
1154.jpg,Девочка,6 мес.,+7(983)150-98-22
11562.jpg,Мальчик,19 мес.,+7(983)195-34-47
3025.jpg,Девочка,36 мес.,+7(983)272-90-60
7243.jpg,Мальчик,18 мес.,+7(983)170-53-78
4038.jpg,Мальчик,29 мес.,+7(983)291-82-95
3757.jpg,Мальчик,25 мес.,+7(983)790-88-34
8602.jpg,Мальчик,30 мес.,+7(983)965-90-60
1140.jpg,Девочка,18 мес.,+7(983)663-88-89
2461.jpg,Мальчик,35 мес.,+7(983)161-65-78
4010.jpg,Девочка,30 мес.,+7(983)429-68-67
11238.jpg,Девочка,10 мес.,+7(983)933-91-89
7519.jpg,Мальчик,22 мес.,+7(983)782-56-56
6607.jpg,Мальчик,5 мес.,+7(983)130-98-30
6161.jpg,Мальчик,23 мес.,+7(983)349-90-51
2307.jpg,Мальчик,15 мес.,+7(983)682-51-73
4762.jpg,Девочка,15 мес.,+7(983)821-13-68
2313.jpg,Девочка,9 мес.,+7(983)205-47-64
10132.jpg,Мальчик,25 мес.,+7(983)458-98-98
3780.jpg,Девочка,10 мес.,+7(983)110-47-17
3958.jpg,Мальчик,9 мес.,+7(983)315-78-56
1197.jpg,Мальчик,7 мес.,+7(983)954-66-50
5497.jpg,Мальчик,14 мес.,+7(983)694-16-45
4951.jpg,Девочка,36 мес.,+7(983)791-46-21
10867.jpg,Мальчик,5 мес.,+7(983)463-90-93
4945.jpg,Девочка,7 мес.,+7(983)474-65-31
8819.jpg,Девочка,26 мес.,+7(983)506-67-24
3964.jpg,Мальчик,34 мес.,+7(983)569-78-33
10683.jpg,Девочка,32 мес.,+7(983)852-26-58
359.jpg,Мальчик,19 мес.,+7(983)269-11-23
9285.jpg,Мальчик,33 мес.,+7(983)663-31-32
3970.jpg,Девочка,12 мес.,+7(983)974-77-84
8004.jpg,Девочка,17 мес.,+7(983)532-99-89
1746.jpg,Девочка,14 мес.,+7(983)166-94-53
11402.jpg,Мальчик,23 мес.,+7(983)825-27-80
3145.jpg,Мальчик,23 мес.,+7(983)276-30-28
3623.jpg,Мальчик,19 мес.,+7(983)232-87-42
8776.jpg,Девочка,11 мес.,+7(983)887-89-61
6983.jpg,Мальчик,30 мес.,+7(983)950-97-28
2515.jpg,Мальчик,34 мес.,+7(983)144-69-75
6015.jpg,Мальчик,28 мес.,+7(983)764-99-27
2273.jpg,Девочка,27 мес.,+7(983)500-88-49
4616.jpg,Девочка,8 мес.,+7(983)142-52-45
9454.jpg,Мальчик,22 мес.,+7(983)848-97-15
11358.jpg,Девочка,32 мес.,+7(983)746-44-81
2501.jpg,Девочка,35 мес.,+7(983)877-54-45
10046.jpg,Мальчик,33 мес.,+7(983)394-44-63
6954.jpg,Мальчик,24 мес.,+7(983)901-76-88
4825.jpg,Девочка,15 мес.,+7(983)512-81-86
10907.jpg,Мальчик,24 мес.,+7(983)406-58-93
7486.jpg,Девочка,21 мес.,+7(983)946-64-92
563.jpg,Мальчик,15 мес.,+7(983)410-63-81
6968.jpg,Девочка,18 мес.,+7(983)256-72-26
9483.jpg,Девочка,29 мес.,+7(983)712-26-96
3810.jpg,Мальчик,36 мес.,+7(983)216-75-76
1961.jpg,Мальчик,5 мес.,+7(983)793-46-28
1975.jpg,Девочка,33 мес.,+7(983)944-40-12
10085.jpg,Девочка,17 мес.,+7(983)148-61-34
9497.jpg,Мальчик,16 мес.,+7(983)367-80-61
11614.jpg,Мальчик,25 мес.,+7(983)411-47-56
11172.jpg,Мальчик,30 мес.,+7(983)855-85-60
8560.jpg,Мальчик,34 мес.,+7(983)782-79-73
5050.jpg,Девочка,17 мес.,+7(983)796-77-11
3421.jpg,Девочка,30 мес.,+7(983)116-43-24
7121.jpg,Девочка,31 мес.,+7(983)358-32-49
12309.jpg,Девочка,23 мес.,+7(983)974-12-13
10536.jpg,Мальчик,17 мес.,+7(983)968-37-45
2071.jpg,Мальчик,26 мес.,+7(983)415-41-55
7109.jpg,Мальчик,17 мес.,+7(983)728-10-93
952.jpg,Мальчик,13 мес.,+7(983)243-73-75
10250.jpg,Девочка,30 мес.,+7(983)168-55-53
4366.jpg,Девочка,19 мес.,+7(983)787-41-76
10244.jpg,Девочка,15 мес.,+7(983)723-72-62
4372.jpg,Мальчик,32 мес.,+7(983)244-72-78
6203.jpg,Мальчик,25 мес.,+7(983)667-25-73
2065.jpg,Мальчик,14 мес.,+7(983)850-83-97
5939.jpg,Мальчик,23 мес.,+7(983)330-46-52
7848.jpg,Девочка,27 мес.,+7(983)114-37-14
5087.jpg,Девочка,30 мес.,+7(983)722-86-96
761.jpg,Девочка,14 мес.,+7(983)852-73-86
1593.jpg,Мальчик,14 мес.,+7(983)455-74-79
11833.jpg,Девочка,6 мес.,+7(983)728-41-88
9681.jpg,Мальчик,19 мес.,+7(983)501-51-39
7874.jpg,Мальчик,5 мес.,+7(983)490-15-86
12484.jpg,Мальчик,6 мес.,+7(983)303-57-61
991.jpg,Девочка,9 мес.,+7(983)906-96-59
11199.jpg,Мальчик,15 мес.,+7(983)754-63-77
11827.jpg,Девочка,17 мес.,+7(983)124-15-81
11198.jpg,Мальчик,21 мес.,+7(983)290-90-22
7861.jpg,Девочка,27 мес.,+7(983)693-71-59
9694.jpg,Девочка,23 мес.,+7(983)355-13-31
11826.jpg,Девочка,20 мес.,+7(983)185-45-14
5904.jpg,Девочка,21 мес.,+7(983)697-31-82
990.jpg,Девочка,36 мес.,+7(983)565-65-96
9858.jpg,Мальчик,6 мес.,+7(983)887-62-51
10292.jpg,Мальчик,23 мес.,+7(983)377-44-40
7685.jpg,Девочка,23 мес.,+7(983)711-81-65
760.jpg,Мальчик,18 мес.,+7(983)955-91-81
2925.jpg,Мальчик,31 мес.,+7(983)923-61-44
774.jpg,Девочка,26 мес.,+7(983)948-77-81
8549.jpg,Девочка,29 мес.,+7(983)674-10-10
10523.jpg,Девочка,6 мес.,+7(983)420-99-52
4415.jpg,Мальчик,10 мес.,+7(983)395-22-60
12320.jpg,Девочка,35 мес.,+7(983)338-79-21
6216.jpg,Мальчик,32 мес.,+7(983)538-41-10
1579.jpg,Мальчик,20 мес.,+7(983)541-60-50
11629.jpg,Девочка,34 мес.,+7(983)695-38-46
2716.jpg,Мальчик,17 мес.,+7(983)894-96-72
6570.jpg,Девочка,26 мес.,+7(983)265-89-82
11167.jpg,Девочка,26 мес.,+7(983)288-34-26
3420.jpg,Мальчик,12 мес.,+7(983)459-54-26
10279.jpg,Мальчик,12 мес.,+7(983)227-94-11
8561.jpg,Мальчик,21 мес.,+7(983)826-53-70
9496.jpg,Девочка,13 мес.,+7(983)465-90-94
3811.jpg,Мальчик,8 мес.,+7(983)420-65-26
9482.jpg,Девочка,18 мес.,+7(983)856-37-42
8944.jpg,Мальчик,21 мес.,+7(983)436-79-99
4818.jpg,Мальчик,19 мес.,+7(983)618-50-93
204.jpg,Мальчик,33 мес.,+7(983)273-66-70
4830.jpg,Мальчик,13 мес.,+7(983)813-70-96
3839.jpg,Мальчик,20 мес.,+7(983)679-85-25
5290.jpg,Мальчик,17 мес.,+7(983)697-47-44
6799.jpg,Мальчик,28 мес.,+7(983)430-79-20
6941.jpg,Девочка,26 мес.,+7(983)632-37-82
7487.jpg,Девочка,11 мес.,+7(983)705-77-80
7493.jpg,Девочка,26 мес.,+7(983)771-13-47
3178.jpg,Мальчик,17 мес.,+7(983)350-96-80
4617.jpg,Мальчик,28 мес.,+7(983)328-97-68
5509.jpg,Мальчик,9 мес.,+7(983)378-37-11
10721.jpg,Мальчик,5 мес.,+7(983)842-94-56
1009.jpg,Мальчик,22 мес.,+7(983)422-68-29
8987.jpg,Мальчик,14 мес.,+7(983)616-49-62
10053.jpg,Девочка,19 мес.,+7(983)751-36-75
4603.jpg,Девочка,24 мес.,+7(983)269-70-55
12122.jpg,Девочка,22 мес.,+7(983)901-48-95
3144.jpg,Девочка,23 мес.,+7(983)914-31-27
1753.jpg,Мальчик,18 мес.,+7(983)450-40-26
7322.jpg,Мальчик,9 мес.,+7(983)865-55-89
5253.jpg,Мальчик,28 мес.,+7(983)587-69-78
11365.jpg,Девочка,36 мес.,+7(983)325-78-83
4159.jpg,Мальчик,12 мес.,+7(983)861-41-44
5521.jpg,Девочка,11 мес.,+7(983)847-57-77
11588.jpg,Мальчик,36 мес.,+7(983)224-87-26
9284.jpg,Девочка,8 мес.,+7(983)867-38-48
6809.jpg,Девочка,26 мес.,+7(983)201-15-86
8824.jpg,Мальчик,13 мес.,+7(983)945-64-88
358.jpg,Девочка,24 мес.,+7(983)871-16-75
12095.jpg,Девочка,35 мес.,+7(983)516-29-68
1814.jpg,Девочка,6 мес.,+7(983)419-99-28
10682.jpg,Девочка,22 мес.,+7(983)152-53-37
6835.jpg,Мальчик,20 мес.,+7(983)337-38-30
402.jpg,Мальчик,28 мес.,+7(983)223-34-60
3959.jpg,Мальчик,28 мес.,+7(983)535-49-72
5496.jpg,Девочка,12 мес.,+7(983)864-39-49
10655.jpg,Девочка,36 мес.,+7(983)952-38-56
2474.jpg,Девочка,35 мес.,+7(983)344-49-74
7518.jpg,Девочка,9 мес.,+7(983)736-62-87
11239.jpg,Девочка,26 мес.,+7(983)686-35-25
2460.jpg,Девочка,18 мес.,+7(983)586-76-32
5469.jpg,Мальчик,34 мес.,+7(983)183-80-37
11577.jpg,Девочка,12 мес.,+7(983)918-84-13
6148.jpg,Девочка,33 мес.,+7(983)827-61-76
7530.jpg,Девочка,26 мес.,+7(983)987-45-44
11211.jpg,Мальчик,16 мес.,+7(983)982-84-77
2448.jpg,Мальчик,34 мес.,+7(983)117-43-90
1155.jpg,Мальчик,19 мес.,+7(983)697-75-77
7524.jpg,Девочка,21 мес.,+7(983)728-98-16
11952.jpg,Мальчик,32 мес.,+7(983)744-95-56
10494.jpg,Девочка,36 мес.,+7(983)986-13-19
7901.jpg,Мальчик,13 мес.,+7(983)417-88-18
9904.jpg,Мальчик,19 мес.,+7(983)802-40-31
2689.jpg,Девочка,28 мес.,+7(983)441-32-86
7083.jpg,Девочка,23 мес.,+7(983)316-39-58
5694.jpg,Мальчик,34 мес.,+7(983)442-84-73
6410.jpg,Девочка,29 мес.,+7(983)651-35-83
9723.jpg,Мальчик,27 мес.,+7(983)834-28-35
2676.jpg,Девочка,17 мес.,+7(983)282-30-79
4561.jpg,Девочка,12 мес.,+7(983)905-10-32
199.jpg,Девочка,27 мес.,+7(983)627-87-80
2104.jpg,Девочка,10 мес.,+7(983)646-52-28
10443.jpg,Мальчик,33 мес.,+7(983)609-34-24
2662.jpg,Девочка,28 мес.,+7(983)592-13-65
11013.jpg,Мальчик,18 мес.,+7(983)988-41-70
1425.jpg,Мальчик,27 мес.,+7(983)733-75-72
9079.jpg,Девочка,16 мес.,+7(983)217-34-38
7054.jpg,Девочка,11 мес.,+7(983)394-69-43
9.jpg,Девочка,36 мес.,+7(983)257-50-48
1357.jpg,Мальчик,35 мес.,+7(983)219-23-39
10319.jpg,Девочка,30 мес.,+7(983)699-65-36
5131.jpg,Девочка,9 мес.,+7(983)142-72-59
8328.jpg,Девочка,30 мес.,+7(983)459-25-61
12233.jpg,Мальчик,34 мес.,+7(983)718-87-43
9036.jpg,Девочка,7 мес.,+7(983)380-12-40
4512.jpg,Девочка,30 мес.,+7(983)452-32-26
840.jpg,Мальчик,15 мес.,+7(983)566-64-74
14.jpg,Мальчик,7 мес.,+7(983)581-86-35
2611.jpg,Девочка,32 мес.,+7(983)505-32-11
10356.jpg,Мальчик,15 мес.,+7(983)937-97-94
12227.jpg,Мальчик,20 мес.,+7(983)252-14-92
5630.jpg,Девочка,29 мес.,+7(983)763-43-37
11706.jpg,Мальчик,10 мес.,+7(983)369-36-22
8472.jpg,Мальчик,34 мес.,+7(983)980-99-33
3527.jpg,Девочка,26 мес.,+7(983)595-63-82
28.jpg,Девочка,8 мес.,+7(983)300-60-67
868.jpg,Девочка,33 мес.,+7(983)301-22-76
8466.jpg,Девочка,8 мес.,+7(983)463-99-53
5817.jpg,Мальчик,9 мес.,+7(983)961-73-20
11921.jpg,Девочка,25 мес.,+7(983)737-61-68
9793.jpg,Девочка,9 мес.,+7(983)380-59-48
7966.jpg,Мальчик,31 мес.,+7(983)195-22-14
9787.jpg,Девочка,12 мес.,+7(983)757-43-32
7972.jpg,Мальчик,11 мес.,+7(983)903-43-94
129.jpg,Мальчик,8 мес.,+7(983)797-39-76
5803.jpg,Мальчик,22 мес.,+7(983)756-54-54
11935.jpg,Мальчик,20 мес.,+7(983)887-83-79
1495.jpg,Мальчик,15 мес.,+7(983)161-47-56
3282.jpg,Девочка,26 мес.,+7(983)125-58-66
667.jpg,Мальчик,30 мес.,+7(983)383-70-50
7796.jpg,Мальчик,20 мес.,+7(983)288-29-17
673.jpg,Мальчик,36 мес.,+7(983)937-14-63
5181.jpg,Девочка,9 мес.,+7(983)573-46-96
3296.jpg,Мальчик,7 мес.,+7(983)553-83-84
11909.jpg,Мальчик,32 мес.,+7(983)889-79-86
1481.jpg,Девочка,27 мес.,+7(983)840-62-91
4710.jpg,Девочка,30 мес.,+7(983)826-27-48
1668.jpg,Девочка,11 мес.,+7(983)377-52-36
12031.jpg,Мальчик,8 мес.,+7(983)817-66-47
6113.jpg,Девочка,17 мес.,+7(983)106-76-82
10632.jpg,Девочка,9 мес.,+7(983)727-59-52
10154.jpg,Девочка,16 мес.,+7(983)605-72-17
8658.jpg,Девочка,22 мес.,+7(983)787-34-70
8670.jpg,Мальчик,25 мес.,+7(983)138-16-26
1654.jpg,Мальчик,36 мес.,+7(983)174-93-76
3043.jpg,Девочка,21 мес.,+7(983)799-64-75
11504.jpg,Девочка,9 мес.,+7(983)407-74-11
7231.jpg,Девочка,26 мес.,+7(983)410-91-56
1126.jpg,Мальчик,32 мес.,+7(983)483-94-77
3731.jpg,Мальчик,22 мес.,+7(983)569-77-80
10183.jpg,Мальчик,18 мес.,+7(983)582-65-36
1873.jpg,Мальчик,8 мес.,+7(983)816-31-87
11289.jpg,Мальчик,14 мес.,+7(983)938-65-85
3916.jpg,Мальчик,33 мес.,+7(983)585-43-93
10197.jpg,Мальчик,11 мес.,+7(983)481-46-38
7580.jpg,Девочка,9 мес.,+7(983)780-79-77
6846.jpg,Девочка,32 мес.,+7(983)638-13-23
4937.jpg,Девочка,8 мес.,+7(983)444-16-79
10801.jpg,Мальчик,7 мес.,+7(983)525-28-80
1697.jpg,Мальчик,21 мес.,+7(983)562-23-46
1683.jpg,Мальчик,13 мес.,+7(983)787-50-13
4923.jpg,Мальчик,10 мес.,+7(983)855-45-72
5383.jpg,Мальчик,31 мес.,+7(983)458-66-39
8738.jpg,Девочка,28 мес.,+7(983)528-63-76
10034.jpg,Мальчик,35 мес.,+7(983)659-53-52
2215.jpg,Девочка,30 мес.,+7(983)127-59-47
288.jpg,Девочка,14 мес.,+7(983)579-30-96
7379.jpg,Девочка,14 мес.,+7(983)437-80-53
10746.jpg,Мальчик,24 мес.,+7(983)296-39-87
11458.jpg,Мальчик,34 мес.,+7(983)352-32-94
6701.jpg,Мальчик,26 мес.,+7(983)558-25-75
7437.jpg,Девочка,15 мес.,+7(983)819-66-38
2229.jpg,Мальчик,5 мес.,+7(983)904-60-13
4880.jpg,Девочка,13 мес.,+7(983)536-71-67
3137.jpg,Девочка,9 мес.,+7(983)575-30-65
8710.jpg,Девочка,9 мес.,+7(983)822-21-29
5234.jpg,Девочка,20 мес.,+7(983)968-12-63
8923.jpg,Мальчик,30 мес.,+7(983)720-77-43
10949.jpg,Девочка,23 мес.,+7(983)899-81-31
10791.jpg,Девочка,12 мес.,+7(983)312-65-80
8089.jpg,Мальчик,21 мес.,+7(983)903-64-40
3862.jpg,Девочка,35 мес.,+7(983)496-79-79
6932.jpg,Девочка,14 мес.,+7(983)277-98-35
511.jpg,Девочка,23 мес.,+7(983)521-32-73
3692.jpg,Девочка,32 мес.,+7(983)422-22-17
5585.jpg,Мальчик,21 мес.,+7(983)239-80-77
4843.jpg,Мальчик,25 мес.,+7(983)896-86-36
5591.jpg,Мальчик,5 мес.,+7(983)110-45-54
4857.jpg,Мальчик,19 мес.,+7(983)184-77-24
3686.jpg,Девочка,12 мес.,+7(983)330-42-32
6271.jpg,Девочка,33 мес.,+7(983)175-68-86
2017.jpg,Мальчик,33 мес.,+7(983)701-17-84
2771.jpg,Мальчик,19 мес.,+7(983)405-31-14
10236.jpg,Девочка,28 мес.,+7(983)585-73-17
4300.jpg,Мальчик,14 мес.,+7(983)858-21-42
7609.jpg,Девочка,28 мес.,+7(983)562-54-15
6517.jpg,Девочка,10 мес.,+7(983)552-79-19
10222.jpg,Девочка,29 мес.,+7(983)733-95-41
4314.jpg,Девочка,34 мес.,+7(983)729-82-73
6265.jpg,Мальчик,27 мес.,+7(983)906-53-67
9156.jpg,Мальчик,7 мес.,+7(983)282-62-38
8248.jpg,Мальчик,27 мес.,+7(983)711-33-77
3335.jpg,Девочка,8 мес.,+7(983)100-47-84
8260.jpg,Девочка,21 мес.,+7(983)270-51-17
7635.jpg,Девочка,18 мес.,+7(983)140-22-51
1244.jpg,Девочка,20 мес.,+7(983)879-90-56
5022.jpg,Мальчик,9 мес.,+7(983)259-56-92
2995.jpg,Девочка,9 мес.,+7(983)995-41-42
2759.jpg,Мальчик,5 мес.,+7(983)851-70-81
11100.jpg,Мальчик,26 мес.,+7(983)775-71-98
2981.jpg,Девочка,16 мес.,+7(983)325-13-54
8512.jpg,Девочка,11 мес.,+7(983)490-30-65
1250.jpg,Девочка,15 мес.,+7(983)130-50-69
1536.jpg,Девочка,26 мес.,+7(983)778-22-95
5988.jpg,Девочка,20 мес.,+7(983)462-40-28
3321.jpg,Девочка,28 мес.,+7(983)248-78-96
10578.jpg,Девочка,15 мес.,+7(983)468-67-37
5750.jpg,Мальчик,23 мес.,+7(983)381-29-73
7812.jpg,Девочка,30 мес.,+7(983)667-52-97
11841.jpg,Девочка,8 мес.,+7(983)954-54-32
11699.jpg,Мальчик,16 мес.,+7(983)929-63-87
11869.jpg,Мальчик,24 мес.,+7(983)818-66-53
4499.jpg,Девочка,30 мес.,+7(983)536-15-43
713.jpg,Мальчик,9 мес.,+7(983)230-47-53
9803.jpg,Девочка,29 мес.,+7(983)899-42-25
707.jpg,Девочка,35 мес.,+7(983)524-76-24
9817.jpg,Мальчик,6 мес.,+7(983)462-51-25
3484.jpg,Девочка,19 мес.,+7(983)607-78-46
3485.jpg,Мальчик,24 мес.,+7(983)416-49-36
706.jpg,Мальчик,14 мес.,+7(983)215-73-67
5792.jpg,Мальчик,19 мес.,+7(983)293-25-43
5786.jpg,Мальчик,33 мес.,+7(983)153-41-21
1286.jpg,Мальчик,16 мес.,+7(983)874-87-35
11698.jpg,Мальчик,18 мес.,+7(983)952-99-88
10586.jpg,Мальчик,19 мес.,+7(983)757-49-38
9194.jpg,Мальчик,31 мес.,+7(983)802-66-14
7813.jpg,Девочка,12 мес.,+7(983)697-39-55
4329.jpg,Мальчик,6 мес.,+7(983)441-97-52
3446.jpg,Девочка,11 мес.,+7(983)133-46-54
5751.jpg,Девочка,13 мес.,+7(983)354-90-55
11667.jpg,Девочка,5 мес.,+7(983)790-57-15
7146.jpg,Девочка,28 мес.,+7(983)125-82-83
8275.jpg,Мальчик,31 мес.,+7(983)248-22-38
8261.jpg,Девочка,34 мес.,+7(983)977-78-44
5745.jpg,Девочка,15 мес.,+7(983)976-35-62
3334.jpg,Девочка,28 мес.,+7(983)999-63-63
9619.jpg,Девочка,25 мес.,+7(983)757-29-46
1245.jpg,Мальчик,34 мес.,+7(983)360-24-96
909.jpg,Мальчик,35 мес.,+7(983)134-72-47
8507.jpg,Девочка,32 мес.,+7(983)845-67-15
10223.jpg,Девочка,35 мес.,+7(983)664-21-20
2764.jpg,Мальчик,15 мес.,+7(983)232-64-87
9631.jpg,Девочка,8 мес.,+7(983)559-79-49
12434.jpg,Девочка,17 мес.,+7(983)894-15-73
921.jpg,Девочка,7 мес.,+7(983)916-74-41
9157.jpg,Мальчик,17 мес.,+7(983)461-45-84
4473.jpg,Мальчик,5 мес.,+7(983)396-26-28
3308.jpg,Мальчик,7 мес.,+7(983)219-32-99
4467.jpg,Мальчик,14 мес.,+7(983)257-10-83
9625.jpg,Девочка,19 мес.,+7(983)352-45-43
12420.jpg,Мальчик,26 мес.,+7(983)801-99-10
935.jpg,Девочка,32 мес.,+7(983)407-72-33
7608.jpg,Мальчик,26 мес.,+7(983)278-79-18
4301.jpg,Мальчик,10 мес.,+7(983)589-36-67
10237.jpg,Девочка,20 мес.,+7(983)419-76-18
5590.jpg,Мальчик,8 мес.,+7(983)299-30-50
7387.jpg,Девочка,33 мес.,+7(983)165-74-58
262.jpg,Мальчик,25 мес.,+7(983)688-51-76
504.jpg,Девочка,29 мес.,+7(983)387-94-52
6927.jpg,Мальчик,7 мес.,+7(983)139-11-86
6933.jpg,Мальчик,23 мес.,+7(983)910-61-58
7393.jpg,Девочка,13 мес.,+7(983)865-26-59
5584.jpg,Мальчик,20 мес.,+7(983)949-86-77
9396.jpg,Мальчик,19 мес.,+7(983)840-28-36
10784.jpg,Девочка,10 мес.,+7(983)452-37-84
8936.jpg,Девочка,32 мес.,+7(983)407-66-90
538.jpg,Девочка,6 мес.,+7(983)520-39-27
7344.jpg,Девочка,19 мес.,+7(983)674-53-59
5553.jpg,Девочка,23 мес.,+7(983)434-14-15
8711.jpg,Девочка,16 мес.,+7(983)100-93-10
7422.jpg,Девочка,13 мес.,+7(983)927-13-74
1047.jpg,Девочка,27 мес.,+7(983)482-73-11
3888.jpg,Мальчик,13 мес.,+7(983)617-31-89
3650.jpg,Девочка,11 мес.,+7(983)370-23-96
11471.jpg,Девочка,24 мес.,+7(983)319-56-70
3136.jpg,Мальчик,34 мес.,+7(983)846-14-23
11459.jpg,Девочка,29 мес.,+7(983)930-13-33
1709.jpg,Девочка,17 мес.,+7(983)663-47-24
12150.jpg,Девочка,30 мес.,+7(983)255-89-15
5209.jpg,Мальчик,26 мес.,+7(983)946-67-27
2566.jpg,Девочка,16 мес.,+7(983)599-60-71
4117.jpg,Девочка,19 мес.,+7(983)410-36-31
10035.jpg,Мальчик,19 мес.,+7(983)331-45-44
4665.jpg,Девочка,36 мес.,+7(983)171-40-97
2214.jpg,Девочка,33 мес.,+7(983)308-99-52
10753.jpg,Мальчик,11 мес.,+7(983)871-86-54
3095.jpg,Мальчик,28 мес.,+7(983)320-87-41
1682.jpg,Девочка,13 мес.,+7(983)143-53-71
5382.jpg,Девочка,7 мес.,+7(983)681-65-62
5396.jpg,Мальчик,19 мес.,+7(983)500-48-45
4088.jpg,Мальчик,21 мес.,+7(983)486-46-96
464.jpg,Девочка,18 мес.,+7(983)873-98-70
302.jpg,Девочка,15 мес.,+7(983)961-42-37
10800.jpg,Девочка,21 мес.,+7(983)900-23-62
10828.jpg,Девочка,33 мес.,+7(983)498-59-47
10196.jpg,Мальчик,33 мес.,+7(983)271-97-34
3917.jpg,Мальчик,31 мес.,+7(983)443-53-15
9590.jpg,Мальчик,28 мес.,+7(983)106-47-12
3903.jpg,Девочка,12 мес.,+7(983)738-36-69
5427.jpg,Мальчик,23 мес.,+7(983)918-38-94
3056.jpg,Мальчик,14 мес.,+7(983)877-92-11
10169.jpg,Девочка,24 мес.,+7(983)926-81-12
5341.jpg,Мальчик,35 мес.,+7(983)374-26-53
6648.jpg,Девочка,36 мес.,+7(983)625-74-36
6884.jpg,Девочка,14 мес.,+7(983)653-29-63
8671.jpg,Девочка,8 мес.,+7(983)178-38-47
11505.jpg,Мальчик,30 мес.,+7(983)726-52-10
12024.jpg,Девочка,31 мес.,+7(983)164-82-51
9221.jpg,Мальчик,32 мес.,+7(983)680-69-85
4077.jpg,Девочка,13 мес.,+7(983)577-84-97
3718.jpg,Девочка,24 мес.,+7(983)226-59-90
6660.jpg,Мальчик,9 мес.,+7(983)948-29-43
9553.jpg,Мальчик,13 мес.,+7(983)252-93-77
10627.jpg,Девочка,21 мес.,+7(983)573-33-35
5180.jpg,Девочка,23 мес.,+7(983)299-69-33
672.jpg,Девочка,35 мес.,+7(983)911-85-52
114.jpg,Девочка,10 мес.,+7(983)989-86-66
11908.jpg,Мальчик,19 мес.,+7(983)511-96-29
3297.jpg,Мальчик,13 мес.,+7(983)265-90-39
5194.jpg,Мальчик,19 мес.,+7(983)302-66-60
9786.jpg,Девочка,31 мес.,+7(983)972-81-48
10394.jpg,Девочка,17 мес.,+7(983)591-73-63
128.jpg,Девочка,13 мес.,+7(983)830-84-28
11920.jpg,Мальчик,32 мес.,+7(983)779-29-19
7967.jpg,Девочка,25 мес.,+7(983)383-68-89
9792.jpg,Девочка,6 мес.,+7(983)504-90-54
29.jpg,Мальчик,30 мес.,+7(983)512-57-17
3532.jpg,Мальчик,28 мес.,+7(983)542-93-51
3254.jpg,Мальчик,21 мес.,+7(983)433-83-74
11713.jpg,Мальчик,17 мес.,+7(983)885-36-53
8301.jpg,Мальчик,6 мес.,+7(983)262-73-23
10419.jpg,Девочка,9 мес.,+7(983)418-39-41
7740.jpg,Мальчик,12 мес.,+7(983)965-78-89
7998.jpg,Девочка,11 мес.,+7(983)314-37-72
1331.jpg,Мальчик,28 мес.,+7(983)827-12-91
10357.jpg,Мальчик,6 мес.,+7(983)681-67-27
2610.jpg,Девочка,5 мес.,+7(983)894-35-85
11049.jpg,Девочка,12 мес.,+7(983)748-12-43
855.jpg,Мальчик,28 мес.,+7(983)190-86-68
7768.jpg,Мальчик,24 мес.,+7(983)409-11-70
6476.jpg,Мальчик,22 мес.,+7(983)170-80-32
4507.jpg,Мальчик,10 мес.,+7(983)967-34-77
3268.jpg,Девочка,12 мес.,+7(983)888-78-92
10431.jpg,Мальчик,8 мес.,+7(983)996-57-24
2176.jpg,Мальчик,22 мес.,+7(983)180-89-46
2162.jpg,Девочка,32 мес.,+7(983)365-86-47
9037.jpg,Мальчик,9 мес.,+7(983)720-46-92
8329.jpg,Девочка,20 мес.,+7(983)949-20-77
841.jpg,Девочка,36 мес.,+7(983)596-82-46
9751.jpg,Девочка,34 мес.,+7(983)260-53-83
10343.jpg,Девочка,13 мес.,+7(983)571-18-96
10433.jpg,Мальчик,14 мес.,+7(983)333-20-51
2174.jpg,Девочка,25 мес.,+7(983)432-22-90
12224.jpg,Мальчик,7 мес.,+7(983)725-18-54
6312.jpg,Мальчик,28 мес.,+7(983)940-72-92
3518.jpg,Девочка,32 мес.,+7(983)969-69-62
2606.jpg,Мальчик,25 мес.,+7(983)703-75-50
9753.jpg,Мальчик,32 мес.,+7(983)448-90-41
843.jpg,Мальчик,6 мес.,+7(983)598-33-99
1469.jpg,Мальчик,26 мес.,+7(983)589-27-78
11739.jpg,Мальчик,22 мес.,+7(983)198-83-53
4511.jpg,Девочка,14 мес.,+7(983)886-40-13
2148.jpg,Мальчик,15 мес.,+7(983)371-30-28
3530.jpg,Мальчик,11 мес.,+7(983)493-22-28
10369.jpg,Мальчик,16 мес.,+7(983)567-38-60
5141.jpg,Девочка,19 мес.,+7(983)374-16-45
8471.jpg,Мальчик,7 мес.,+7(983)977-42-78
3524.jpg,Девочка,17 мес.,+7(983)237-94-12
5155.jpg,Мальчик,5 мес.,+7(983)397-81-43
3242.jpg,Мальчик,14 мес.,+7(983)583-86-56
9009.jpg,Мальчик,33 мес.,+7(983)847-95-30
10396.jpg,Девочка,11 мес.,+7(983)380-81-54
2809.jpg,Мальчик,30 мес.,+7(983)362-99-46
9784.jpg,Девочка,7 мес.,+7(983)812-87-63
9948.jpg,Мальчик,26 мес.,+7(983)416-29-79
658.jpg,Мальчик,16 мес.,+7(983)290-95-66
